{"accuracy": [0.9610337615013123, 1.0, 0.9759591221809387, 0.96875, 0.973354697227478, 0.96875, 0.9765601754188538, 1.0, 0.9753581285476685], "loss": [0.10264527052640915, 0.04267454147338867, 0.06584520637989044, 0.047578245401382446, 0.0675029531121254, 0.062321897596120834, 0.06160612776875496, 0.017122015357017517, 0.061802513897418976], "val_accuracy": [0.9889823794364929, 1.0, 0.9883813858032227, 1.0, 0.9883813858032227, 1.0, 0.9913862347602844, 1.0, 0.9907852411270142], "val_loss": [0.03637704625725746, 0.014432011172175407, 0.03507731854915619, 0.0003854813694488257, 0.03532685711979866, 0.00016876163135748357, 0.03155657276511192, 0.013753650709986687, 0.0315430723130703]}