{"accuracy": [0.6273665428161621, 0.59375, 0.686316728591919, 0.71875, 0.7168185710906982, 0.65625, 0.7224281430244446, 0.65625, 0.7330962419509888, 0.78125], "loss": [0.6673091053962708, 0.614510178565979, 0.5850340723991394, 0.5180312991142273, 0.5505285859107971, 0.6393909454345703, 0.5391303300857544, 0.7088431119918823, 0.5315059423446655, 0.4960458278656006], "val_accuracy": [0.6864984035491943, 0.625, 0.7481971383094788, 0.75, 0.7155448794364929, 1.0, 0.7457932829856873, 1.0, 0.7618188858032227, 0.875], "val_loss": [0.5801866054534912, 0.5798463821411133, 0.5094742178916931, 0.3992330729961395, 0.5712036490440369, 0.24948258697986603, 0.5054467916488647, 0.15738272666931152, 0.5018360018730164, 0.5094578862190247]}